ID,Estimated Speedup,Function Name,Demangled Name,"Duration""""(3.82317e+06)","Runtime Improvement""""(541169)",Compute Throughput,Memory Throughput,# Registers,Grid Size,Block Size
0,7.99,implicit_convolve_sgemm,..implicit_convolve_sgemm..,35.74,2.85,54.55,61.66,80,"  392,    2,    1","    8,    8,    1"
1,17.35,bn_fw_inf_1C11_kernel_NCHW,..bn_fw_inf_1C11_kernel_NCHW..,15.30,2.65,7.99,43.46,20,"   64,    1,    1","  512,    1,    1"
2,5.34,vectorized_elementwise_kernel,..launch_clamp_scalar..,8.61,0.46,8.10,72.23,18," 1568,    1,    1","  128,    1,    1"
3,5.04,max_pool_forward_nchw,..max_pool_forward_nchw..,11.42,0.58,48.69,51.53,26,"  784,    1,    1","  256,    1,    1"
4,19.79,Kernel2,..cutlass_80_tensorop_s1688gemm_64x64_16x6_nn_align4..,7.01,1.39,8.83,19.19,90,"    8,    7,    1","  128,    1,    1"
5,15.52,bn_fw_inf_1C11_kernel_NCHW,..bn_fw_inf_1C11_kernel_NCHW..,6.24,0.97,6.45,22.08,20,"   64,    1,    1","  512,    1,    1"
6,8.69,vectorized_elementwise_kernel,..launch_clamp_scalar..,4.13,0.36,4.07,30.64,18,"  392,    1,    1","  128,    1,    1"
7,13.05,generateWinogradTilesKernel,..generateWinogradTilesKernel..,3.42,0.45,3.16,7.91,40,"    2,   16,    1","   32,    4,    1"
8,20.28,cudnn_infer_ampere_scudnn_winograd_128x128_ldg1_ldg4_relu_tile148n_nt_v1,cudnn_infer_ampere_scudnn_winograd_128x128_ldg1_ldg4_relu_tile148n_nt_v1,19.78,4.01,33.09,33.65,130,"    2,    7,    4","  256,    1,    1"
9,14.33,bn_fw_inf_1C11_kernel_NCHW,..bn_fw_inf_1C11_kernel_NCHW..,6.27,0.90,5.96,21.82,20,"   64,    1,    1","  512,    1,    1"
10,7.42,vectorized_elementwise_kernel,..launch_clamp_scalar..,4.06,0.30,3.65,32.52,18,"  392,    1,    1","  128,    1,    1"
11,22.13,Kernel2,..cutlass_80_tensorop_s1688gemm_256x64_16x4_nn_align4..,14.82,3.28,13.05,24.50,218,"   32,    2,    1","  128,    1,    1"
12,22.70,bn_fw_inf_1C11_kernel_NCHW,..bn_fw_inf_1C11_kernel_NCHW..,12.22,2.78,14.35,53.06,20,"  256,    1,    1","  512,    1,    1"
13,22.02,Kernel2,..cutlass_80_tensorop_s1688gemm_256x64_16x4_nn_align4..,14.75,3.25,13.03,24.57,218,"   32,    2,    1","  128,    1,    1"
14,18.30,bn_fw_inf_1C11_kernel_NCHW,..bn_fw_inf_1C11_kernel_NCHW..,12.45,2.28,14.18,52.10,20,"  256,    1,    1","  512,    1,    1"
15,0.00,vectorized_elementwise_kernel,..vectorized_elementwise_kernel..,13.09,0.00,4.52,75.67,22," 1568,    1,    1","  128,    1,    1"
16,12.72,vectorized_elementwise_kernel,..launch_clamp_scalar..,8.54,1.09,8.09,72.90,18," 1568,    1,    1","  128,    1,    1"
17,21.94,Kernel2,..cutlass_80_tensorop_s1688gemm_64x64_32x6_nn_align4..,12.61,2.77,14.40,36.59,96,"    8,    7,    1","  128,    1,    1"
18,15.39,bn_fw_inf_1C11_kernel_NCHW,..bn_fw_inf_1C11_kernel_NCHW..,6.05,0.93,6.40,20.55,20,"   64,    1,    1","  512,    1,    1"
19,6.77,vectorized_elementwise_kernel,..launch_clamp_scalar..,4.03,0.27,3.95,31.97,18,"  392,    1,    1","  128,    1,    1"
20,12.22,generateWinogradTilesKernel,..generateWinogradTilesKernel..,3.46,0.42,3.02,7.83,40,"    2,   16,    1","   32,    4,    1"
21,20.21,cudnn_infer_ampere_scudnn_winograd_128x128_ldg1_ldg4_relu_tile148n_nt_v1,cudnn_infer_ampere_scudnn_winograd_128x128_ldg1_ldg4_relu_tile148n_nt_v1,20.06,4.06,32.91,33.50,130,"    2,    7,    4","  256,    1,    1"
22,14.58,bn_fw_inf_1C11_kernel_NCHW,..bn_fw_inf_1C11_kernel_NCHW..,6.34,0.92,5.82,22.40,20,"   64,    1,    1","  512,    1,    1"
23,7.67,vectorized_elementwise_kernel,..launch_clamp_scalar..,4.06,0.31,3.53,31.65,18,"  392,    1,    1","  128,    1,    1"
24,21.77,Kernel2,..cutlass_80_tensorop_s1688gemm_256x64_16x4_nn_align4..,14.75,3.21,12.89,24.57,218,"   32,    2,    1","  128,    1,    1"
25,19.31,bn_fw_inf_1C11_kernel_NCHW,..bn_fw_inf_1C11_kernel_NCHW..,12.61,2.43,14.43,54.01,20,"  256,    1,    1","  512,    1,    1"
26,5.05,vectorized_elementwise_kernel,..vectorized_elementwise_kernel..,12.93,0.65,4.44,76.23,22," 1568,    1,    1","  128,    1,    1"
27,5.48,vectorized_elementwise_kernel,..launch_clamp_scalar..,8.96,0.49,8.10,74.09,18," 1568,    1,    1","  128,    1,    1"
28,21.47,Kernel2,..cutlass_80_tensorop_s1688gemm_64x64_32x6_nn_align4..,12.77,2.74,14.29,36.67,96,"    8,    7,    1","  128,    1,    1"
29,17.33,bn_fw_inf_1C11_kernel_NCHW,..bn_fw_inf_1C11_kernel_NCHW..,6.27,1.09,6.29,22.35,20,"   64,    1,    1","  512,    1,    1"
30,12.14,vectorized_elementwise_kernel,..launch_clamp_scalar..,4.10,0.50,3.92,31.04,18,"  392,    1,    1","  128,    1,    1"
31,13.84,generateWinogradTilesKernel,..generateWinogradTilesKernel..,3.42,0.47,3.16,7.92,40,"    2,   16,    1","   32,    4,    1"
32,20.38,cudnn_infer_ampere_scudnn_winograd_128x128_ldg1_ldg4_relu_tile148n_nt_v1,cudnn_infer_ampere_scudnn_winograd_128x128_ldg1_ldg4_relu_tile148n_nt_v1,19.81,4.04,33.07,33.65,130,"    2,    7,    4","  256,    1,    1"
33,15.61,bn_fw_inf_1C11_kernel_NCHW,..bn_fw_inf_1C11_kernel_NCHW..,6.18,0.96,6.27,20.47,20,"   64,    1,    1","  512,    1,    1"
34,9.95,vectorized_elementwise_kernel,..launch_clamp_scalar..,4.16,0.41,4.02,30.44,18,"  392,    1,    1","  128,    1,    1"
35,21.90,Kernel2,..cutlass_80_tensorop_s1688gemm_256x64_16x4_nn_align4..,14.88,3.26,12.80,24.34,218,"   32,    2,    1","  128,    1,    1"
36,19.48,bn_fw_inf_1C11_kernel_NCHW,..bn_fw_inf_1C11_kernel_NCHW..,12.22,2.38,14.39,53.10,20,"  256,    1,    1","  512,    1,    1"
37,0.00,vectorized_elementwise_kernel,..vectorized_elementwise_kernel..,13.34,0.00,3.37,77.01,22," 1568,    1,    1","  128,    1,    1"
38,5.05,vectorized_elementwise_kernel,..launch_clamp_scalar..,8.61,0.43,5.94,76.14,18," 1568,    1,    1","  128,    1,    1"
39,22.40,Kernel2,..cutlass_80_tensorop_s1688gemm_128x64_16x6_nn_align4..,18.69,4.19,19.41,31.95,136,"   16,    4,    1","  128,    1,    1"
40,11.88,bn_fw_inf_1C11_kernel_NCHW,..bn_fw_inf_1C11_kernel_NCHW..,7.74,0.92,11.76,40.71,20,"  128,    1,    1","  512,    1,    1"
41,6.67,vectorized_elementwise_kernel,..launch_clamp_scalar..,5.82,0.39,6.21,51.29,18,"  784,    1,    1","  128,    1,    1"
42,7.28,nchwToNhwcKernel,..nchw2nhwc_params_t..,6.34,0.46,18.23,47.37,33,"   98,    4,    1","  256,    1,    1"
43,13.94,nchwToNhwcKernel,..nchw2nhwc_params_t..,5.12,0.71,24.12,17.96,33,"    1,    4,  128","  256,    1,    1"
44,22.10,sm86_xmma_fprop_implicit_gemm_indexed_tf32f32_tf32f32_f32_nhwckrsc_nchw_tilesize64x32x64_stage4_warpsize2x2x1_g1_tensor16x8x8_alignc4_execute_kernel_cudnn_infer,sm86_xmma_fprop_implicit_gemm_indexed_tf32f32_tf32f32_f32_nhwckrsc_nchw_tilesize64x32x64_stage4_warpsize2x2x1_g1_tensor16x8x8_alignc4_execute_kernel_cudnn_infer,23.55,5.21,18.08,45.21,122,"    4,   13,    1","  128,    1,    1"
45,8.29,bn_fw_inf_1C11_kernel_NCHW,..bn_fw_inf_1C11_kernel_NCHW..,4.96,0.41,5.12,13.54,20,"  128,    1,    1","  256,    1,    1"
46,9.44,vectorized_elementwise_kernel,..launch_clamp_scalar..,3.39,0.32,2.29,16.18,18,"  196,    1,    1","  128,    1,    1"
47,20.35,Kernel2,..cutlass_80_tensorop_s1688gemm_128x64_16x6_nn_align4..,13.06,2.66,16.18,25.32,136,"   64,    1,    1","  128,    1,    1"
48,16.79,bn_fw_inf_1C11_kernel_NCHW,..bn_fw_inf_1C11_kernel_NCHW..,8,1.34,13.70,41.19,20,"  512,    1,    1","  256,    1,    1"
49,9.73,implicit_convolve_sgemm,..implicit_convolve_sgemm..,34.34,3.34,47.71,60.21,80,"   25,   16,    1","    8,    8,    1"
50,16.52,bn_fw_inf_1C11_kernel_NCHW,..bn_fw_inf_1C11_kernel_NCHW..,8.29,1.37,13.70,39.36,20,"  512,    1,    1","  256,    1,    1"
51,7.86,vectorized_elementwise_kernel,..vectorized_elementwise_kernel..,7.84,0.62,3.51,61.12,22,"  784,    1,    1","  128,    1,    1"
52,13.25,vectorized_elementwise_kernel,..launch_clamp_scalar..,5.54,0.73,5.98,49.34,18,"  784,    1,    1","  128,    1,    1"
53,19.76,Kernel2,..cutlass_80_tensorop_s1688gemm_64x64_32x6_nn_align4..,18.53,3.66,10.16,18.56,96,"   16,    2,    1","  128,    1,    1"
54,8.98,bn_fw_inf_1C11_kernel_NCHW,..bn_fw_inf_1C11_kernel_NCHW..,4.93,0.44,5.42,15.13,20,"  128,    1,    1","  256,    1,    1"
55,8.16,vectorized_elementwise_kernel,..launch_clamp_scalar..,3.33,0.27,2.29,15.57,18,"  196,    1,    1","  128,    1,    1"
56,8.49,nchwToNhwcKernel,..nchw2nhwc_params_t..,3.81,0.32,6.32,14.53,33,"   25,    4,    1","  256,    1,    1"
57,13.85,nchwToNhwcKernel,..nchw2nhwc_params_t..,5.18,0.72,23.29,19.34,33,"    1,    4,  128","  256,    1,    1"
58,21.84,sm86_xmma_fprop_implicit_gemm_indexed_tf32f32_tf32f32_f32_nhwckrsc_nchw_tilesize64x32x64_stage4_warpsize2x2x1_g1_tensor16x8x8_alignc4_execute_kernel_cudnn_infer,sm86_xmma_fprop_implicit_gemm_indexed_tf32f32_tf32f32_f32_nhwckrsc_nchw_tilesize64x32x64_stage4_warpsize2x2x1_g1_tensor16x8x8_alignc4_execute_kernel_cudnn_infer,22.40,4.89,19.21,46.83,122,"    4,   13,    1","  128,    1,    1"
59,9.01,bn_fw_inf_1C11_kernel_NCHW,..bn_fw_inf_1C11_kernel_NCHW..,4.83,0.44,5.36,14.36,20,"  128,    1,    1","  256,    1,    1"
60,10.22,vectorized_elementwise_kernel,..launch_clamp_scalar..,3.39,0.35,2.23,15.30,18,"  196,    1,    1","  128,    1,    1"
61,20.27,Kernel2,..cutlass_80_tensorop_s1688gemm_128x64_16x6_nn_align4..,12.77,2.59,16.11,25.82,136,"   64,    1,    1","  128,    1,    1"
62,16.23,bn_fw_inf_1C11_kernel_NCHW,..bn_fw_inf_1C11_kernel_NCHW..,8.38,1.36,13.70,38.62,20,"  512,    1,    1","  256,    1,    1"
63,0.00,vectorized_elementwise_kernel,..vectorized_elementwise_kernel..,7.81,0.00,3.54,62.08,22,"  784,    1,    1","  128,    1,    1"
64,7.03,vectorized_elementwise_kernel,..launch_clamp_scalar..,5.98,0.42,4.88,49.16,18,"  784,    1,    1","  128,    1,    1"
65,19.60,Kernel2,..cutlass_80_tensorop_s1688gemm_64x64_32x6_nn_align4..,18.34,3.59,10.09,18.76,96,"   16,    2,    1","  128,    1,    1"
66,9.42,bn_fw_inf_1C11_kernel_NCHW,..bn_fw_inf_1C11_kernel_NCHW..,4.86,0.46,5.41,13.89,20,"  128,    1,    1","  256,    1,    1"
67,8.11,vectorized_elementwise_kernel,..launch_clamp_scalar..,11.20,0.91,2.27,4.45,18,"  196,    1,    1","  128,    1,    1"
68,8.59,nchwToNhwcKernel,..nchw2nhwc_params_t..,3.90,0.34,6.21,12.78,33,"   25,    4,    1","  256,    1,    1"
69,13.86,nchwToNhwcKernel,..nchw2nhwc_params_t..,5.18,0.72,23.31,15.88,33,"    1,    4,  128","  256,    1,    1"
70,21.76,sm86_xmma_fprop_implicit_gemm_indexed_tf32f32_tf32f32_f32_nhwckrsc_nchw_tilesize64x32x64_stage4_warpsize2x2x1_g1_tensor16x8x8_alignc4_execute_kernel_cudnn_infer,sm86_xmma_fprop_implicit_gemm_indexed_tf32f32_tf32f32_f32_nhwckrsc_nchw_tilesize64x32x64_stage4_warpsize2x2x1_g1_tensor16x8x8_alignc4_execute_kernel_cudnn_infer,22.24,4.84,18.97,47.21,122,"    4,   13,    1","  128,    1,    1"
71,11.27,bn_fw_inf_1C11_kernel_NCHW,..bn_fw_inf_1C11_kernel_NCHW..,5.12,0.58,5.44,15.29,20,"  128,    1,    1","  256,    1,    1"
72,10.77,vectorized_elementwise_kernel,..launch_clamp_scalar..,3.39,0.37,2.29,14.34,18,"  196,    1,    1","  128,    1,    1"
73,20.45,Kernel2,..cutlass_80_tensorop_s1688gemm_128x64_16x6_nn_align4..,12.86,2.63,16.19,25.59,136,"   64,    1,    1","  128,    1,    1"
74,16.60,bn_fw_inf_1C11_kernel_NCHW,..bn_fw_inf_1C11_kernel_NCHW..,8,1.33,13.85,41.05,20,"  512,    1,    1","  256,    1,    1"
75,5.69,vectorized_elementwise_kernel,..vectorized_elementwise_kernel..,8,0.46,3.53,61.61,22,"  784,    1,    1","  128,    1,    1"
76,6.47,vectorized_elementwise_kernel,..launch_clamp_scalar..,5.79,0.37,6.11,49.97,18,"  784,    1,    1","  128,    1,    1"
77,19.65,Kernel2,..cutlass_80_tensorop_s1688gemm_64x64_32x6_nn_align4..,18.78,3.69,10.13,18.33,96,"   16,    2,    1","  128,    1,    1"
78,8.98,bn_fw_inf_1C11_kernel_NCHW,..bn_fw_inf_1C11_kernel_NCHW..,4.86,0.44,5.18,14.59,20,"  128,    1,    1","  256,    1,    1"
79,9.28,vectorized_elementwise_kernel,..launch_clamp_scalar..,3.46,0.32,2.26,14.90,18,"  196,    1,    1","  128,    1,    1"
80,9.66,nchwToNhwcKernel,..nchw2nhwc_params_t..,3.84,0.37,6.41,13.86,33,"   25,    4,    1","  256,    1,    1"
81,12.77,nchwToNhwcKernel,..nchw2nhwc_params_t..,5.25,0.67,23.91,18.59,33,"    1,    4,  128","  256,    1,    1"
82,22.01,sm86_xmma_fprop_implicit_gemm_indexed_tf32f32_tf32f32_f32_nhwckrsc_nchw_tilesize64x32x64_stage4_warpsize2x2x1_g1_tensor16x8x8_alignc4_execute_kernel_cudnn_infer,sm86_xmma_fprop_implicit_gemm_indexed_tf32f32_tf32f32_f32_nhwckrsc_nchw_tilesize64x32x64_stage4_warpsize2x2x1_g1_tensor16x8x8_alignc4_execute_kernel_cudnn_infer,22.30,4.91,19.14,47.02,122,"    4,   13,    1","  128,    1,    1"
83,9.10,bn_fw_inf_1C11_kernel_NCHW,..bn_fw_inf_1C11_kernel_NCHW..,4.96,0.45,5.41,14.69,20,"  128,    1,    1","  256,    1,    1"
84,8.35,vectorized_elementwise_kernel,..launch_clamp_scalar..,3.26,0.27,2.20,15.95,18,"  196,    1,    1","  128,    1,    1"
85,20.46,Kernel2,..cutlass_80_tensorop_s1688gemm_128x64_16x6_nn_align4..,12.86,2.63,16.14,26.68,136,"   64,    1,    1","  128,    1,    1"
86,14.01,bn_fw_inf_1C11_kernel_NCHW,..bn_fw_inf_1C11_kernel_NCHW..,8,1.12,11.99,39.05,20,"  512,    1,    1","  256,    1,    1"
87,5.39,vectorized_elementwise_kernel,..vectorized_elementwise_kernel..,7.94,0.43,3.48,61.40,22,"  784,    1,    1","  128,    1,    1"
88,6.32,vectorized_elementwise_kernel,..launch_clamp_scalar..,6.02,0.38,6.03,49.09,18,"  784,    1,    1","  128,    1,    1"
89,21.70,Kernel2,..cutlass_80_tensorop_s1688gemm_64x64_32x6_nn_align4..,19.26,4.18,19.62,35.21,96,"   32,    2,    1","  128,    1,    1"
90,8.59,bn_fw_inf_1C11_kernel_NCHW,..bn_fw_inf_1C11_kernel_NCHW..,5.73,0.49,9.98,27.13,20,"  256,    1,    1","  256,    1,    1"
91,7.83,vectorized_elementwise_kernel,..launch_clamp_scalar..,4.13,0.32,4.00,32.84,18,"  392,    1,    1","  128,    1,    1"
92,11.54,nchwToNhwcKernel,..nchw2nhwc_params_t..,4.74,0.55,10.31,28.23,33,"   25,    8,    1","  256,    1,    1"
93,7.98,nchwToNhwcKernel,..nchw2nhwc_params_t..,10.02,0.80,48.05,44.50,33,"    1,    8,  256","  256,    1,    1"
94,18.63,sm86_xmma_fprop_implicit_gemm_indexed_tf32f32_tf32f32_f32_nhwckrsc_nchw_tilesize64x32x64_stage4_warpsize2x2x1_g1_tensor16x8x8_alignc4_execute_kernel_cudnn_infer,sm86_xmma_fprop_implicit_gemm_indexed_tf32f32_tf32f32_f32_nhwckrsc_nchw_tilesize64x32x64_stage4_warpsize2x2x1_g1_tensor16x8x8_alignc4_execute_kernel_cudnn_infer,25.02,4.66,20.77,45.97,122,"    8,    4,    2","  128,    1,    1"
95,6.79,bn_fw_inf_1C11_kernel_NCHW,..bn_fw_inf_1C11_kernel_NCHW..,4.74,0.32,3.06,7.70,20,"  256,    1,    1","   64,    1,    1"
96,7.22,vectorized_elementwise_kernel,..launch_clamp_scalar..,3.01,0.22,1.33,8.35,18,"   98,    1,    1","  128,    1,    1"
97,18.35,Kernel2,..cutlass_80_tensorop_s1688gemm_64x64_32x6_nn_align4..,13.25,2.43,17.75,36.41,96,"   64,    1,    1","  128,    1,    1"
98,7.29,bn_fw_inf_1C11_kernel_NCHW,..bn_fw_inf_1C11_kernel_NCHW..,5.60,0.41,10.39,27.12,20," 1024,    1,    1","   64,    1,    1"
99,0.00,kern_precompute_indices,..kern_precompute_indices..,2.75,0.00,2.29,1.41,16,"  512,    1,    1","    1,    1,    1"
100,5.60,precomputed_convolve_sgemm,..precomputed_convolve_sgemm..,40.83,2.29,47.41,56.23,64,"    7,   32,    1","    8,    8,    1"
101,7.13,bn_fw_inf_1C11_kernel_NCHW,..bn_fw_inf_1C11_kernel_NCHW..,5.44,0.39,10.30,29.75,20," 1024,    1,    1","   64,    1,    1"
102,5.79,vectorized_elementwise_kernel,..vectorized_elementwise_kernel..,5.09,0.29,2.19,42.46,22,"  392,    1,    1","  128,    1,    1"
103,11.52,vectorized_elementwise_kernel,..launch_clamp_scalar..,4.19,0.48,3.97,32.47,18,"  392,    1,    1","  128,    1,    1"
104,22.63,Kernel2,..cutlass_80_tensorop_s1688gemm_64x128_32x3_nn_align4..,17.31,3.92,13.45,22.01,148,"    8,    1,    5","  128,    1,    1"
105,7.29,splitKreduce_kernel,..splitKreduce_kernel..,4.70,0.34,9.05,29.11,44,"    7,   16,    1","   32,   16,    1"
106,7.90,bn_fw_inf_1C11_kernel_NCHW,..bn_fw_inf_1C11_kernel_NCHW..,4.64,0.37,3.00,7.01,20,"  256,    1,    1","   64,    1,    1"
107,6.49,vectorized_elementwise_kernel,..launch_clamp_scalar..,3.20,0.21,1.19,8.88,18,"   98,    1,    1","  128,    1,    1"
108,13.75,nchwToNhwcKernel,..nchw2nhwc_params_t..,3.78,0.52,3.50,7.44,33,"    7,    8,    1","  256,    1,    1"
109,7.01,nchwToNhwcKernel,..nchw2nhwc_params_t..,10.24,0.72,45.18,44.28,33,"    1,    8,  256","  256,    1,    1"
110,18.20,sm86_xmma_fprop_implicit_gemm_indexed_tf32f32_tf32f32_f32_nhwckrsc_nchw_tilesize64x32x64_stage4_warpsize2x2x1_g1_tensor16x8x8_alignc4_execute_kernel_cudnn_infer,sm86_xmma_fprop_implicit_gemm_indexed_tf32f32_tf32f32_f32_nhwckrsc_nchw_tilesize64x32x64_stage4_warpsize2x2x1_g1_tensor16x8x8_alignc4_execute_kernel_cudnn_infer,24.64,4.48,21.33,45.43,122,"    8,    4,    2","  128,    1,    1"
111,6.26,bn_fw_inf_1C11_kernel_NCHW,..bn_fw_inf_1C11_kernel_NCHW..,4.54,0.28,2.98,8.75,20,"  256,    1,    1","   64,    1,    1"
112,8.56,vectorized_elementwise_kernel,..launch_clamp_scalar..,3.14,0.27,1.26,8.40,18,"   98,    1,    1","  128,    1,    1"
113,17.85,Kernel2,..cutlass_80_tensorop_s1688gemm_64x64_32x6_nn_align4..,12.99,2.32,17.84,37.11,96,"   64,    1,    1","  128,    1,    1"
114,9.96,bn_fw_inf_1C11_kernel_NCHW,..bn_fw_inf_1C11_kernel_NCHW..,5.57,0.55,10.29,28.97,20," 1024,    1,    1","   64,    1,    1"
115,11.34,vectorized_elementwise_kernel,..vectorized_elementwise_kernel..,4.96,0.56,2.50,44.12,22,"  392,    1,    1","  128,    1,    1"
116,8.20,vectorized_elementwise_kernel,..launch_clamp_scalar..,3.84,0.31,4.08,32.17,18,"  392,    1,    1","  128,    1,    1"
117,22.55,Kernel2,..cutlass_80_tensorop_s1688gemm_64x128_32x3_nn_align4..,17.06,3.85,13.55,22.31,148,"    8,    1,    5","  128,    1,    1"
118,8.98,splitKreduce_kernel,..splitKreduce_kernel..,4.77,0.43,9.52,29.29,44,"    7,   16,    1","   32,   16,    1"
119,7.37,bn_fw_inf_1C11_kernel_NCHW,..bn_fw_inf_1C11_kernel_NCHW..,4.64,0.34,3.05,8.28,20,"  256,    1,    1","   64,    1,    1"
120,8.82,vectorized_elementwise_kernel,..launch_clamp_scalar..,2.91,0.26,1.32,8.53,18,"   98,    1,    1","  128,    1,    1"
121,14.40,nchwToNhwcKernel,..nchw2nhwc_params_t..,3.68,0.53,3.59,7.68,33,"    7,    8,    1","  256,    1,    1"
122,8.04,nchwToNhwcKernel,..nchw2nhwc_params_t..,10.02,0.81,47.95,44.76,33,"    1,    8,  256","  256,    1,    1"
123,18.14,sm86_xmma_fprop_implicit_gemm_indexed_tf32f32_tf32f32_f32_nhwckrsc_nchw_tilesize64x32x64_stage4_warpsize2x2x1_g1_tensor16x8x8_alignc4_execute_kernel_cudnn_infer,sm86_xmma_fprop_implicit_gemm_indexed_tf32f32_tf32f32_f32_nhwckrsc_nchw_tilesize64x32x64_stage4_warpsize2x2x1_g1_tensor16x8x8_alignc4_execute_kernel_cudnn_infer,24.61,4.46,21.31,45.48,122,"    8,    4,    2","  128,    1,    1"
124,7.38,bn_fw_inf_1C11_kernel_NCHW,..bn_fw_inf_1C11_kernel_NCHW..,4.54,0.34,3.02,7.10,20,"  256,    1,    1","   64,    1,    1"
125,6.02,vectorized_elementwise_kernel,..launch_clamp_scalar..,2.98,0.18,1.27,9.29,18,"   98,    1,    1","  128,    1,    1"
126,17.85,Kernel2,..cutlass_80_tensorop_s1688gemm_64x64_32x6_nn_align4..,12.93,2.31,18.08,37.42,96,"   64,    1,    1","  128,    1,    1"
127,5.72,bn_fw_inf_1C11_kernel_NCHW,..bn_fw_inf_1C11_kernel_NCHW..,5.54,0.32,9.49,28.48,20," 1024,    1,    1","   64,    1,    1"
128,7.66,vectorized_elementwise_kernel,..vectorized_elementwise_kernel..,4.99,0.38,2.48,44.34,22,"  392,    1,    1","  128,    1,    1"
129,6.60,vectorized_elementwise_kernel,..launch_clamp_scalar..,3.84,0.25,4.05,30.11,18,"  392,    1,    1","  128,    1,    1"
130,22.68,Kernel2,..cutlass_80_tensorop_s1688gemm_64x128_32x3_nn_align4..,17.22,3.90,13.46,22.11,148,"    8,    1,    5","  128,    1,    1"
131,7.29,splitKreduce_kernel,..splitKreduce_kernel..,4.83,0.35,9.74,27.86,44,"    7,   16,    1","   32,   16,    1"
132,6.43,bn_fw_inf_1C11_kernel_NCHW,..bn_fw_inf_1C11_kernel_NCHW..,4.67,0.30,2.98,7.66,20,"  256,    1,    1","   64,    1,    1"
133,6.50,vectorized_elementwise_kernel,..launch_clamp_scalar..,2.91,0.19,1.30,8.18,18,"   98,    1,    1","  128,    1,    1"
134,14.45,nchwToNhwcKernel,..nchw2nhwc_params_t..,3.65,0.53,3.53,7.75,33,"    7,    8,    1","  256,    1,    1"
135,6.96,nchwToNhwcKernel,..nchw2nhwc_params_t..,10.11,0.70,47.83,48.42,33,"    1,    8,  256","  256,    1,    1"
136,18.22,sm86_xmma_fprop_implicit_gemm_indexed_tf32f32_tf32f32_f32_nhwckrsc_nchw_tilesize64x32x64_stage4_warpsize2x2x1_g1_tensor16x8x8_alignc4_execute_kernel_cudnn_infer,sm86_xmma_fprop_implicit_gemm_indexed_tf32f32_tf32f32_f32_nhwckrsc_nchw_tilesize64x32x64_stage4_warpsize2x2x1_g1_tensor16x8x8_alignc4_execute_kernel_cudnn_infer,24.51,4.47,21.45,45.66,122,"    8,    4,    2","  128,    1,    1"
137,7.43,bn_fw_inf_1C11_kernel_NCHW,..bn_fw_inf_1C11_kernel_NCHW..,4.58,0.34,2.94,7.18,20,"  256,    1,    1","   64,    1,    1"
138,8.82,vectorized_elementwise_kernel,..launch_clamp_scalar..,2.91,0.26,1.31,9.19,18,"   98,    1,    1","  128,    1,    1"
139,18.97,Kernel2,..cutlass_80_tensorop_s1688gemm_64x64_32x6_nn_align4..,13.25,2.51,17.97,36.42,96,"   64,    1,    1","  128,    1,    1"
140,7.30,bn_fw_inf_1C11_kernel_NCHW,..bn_fw_inf_1C11_kernel_NCHW..,5.38,0.39,10.46,30.14,20," 1024,    1,    1","   64,    1,    1"
141,6.50,vectorized_elementwise_kernel,..vectorized_elementwise_kernel..,5.02,0.33,2.54,43.81,22,"  392,    1,    1","  128,    1,    1"
142,7.60,vectorized_elementwise_kernel,..launch_clamp_scalar..,3.94,0.30,4.04,28.91,18,"  392,    1,    1","  128,    1,    1"
143,22.37,Kernel2,..cutlass_80_tensorop_s1688gemm_64x128_32x3_nn_align4..,17.22,3.85,13.33,22.10,148,"    8,    1,    5","  128,    1,    1"
144,8.06,splitKreduce_kernel,..splitKreduce_kernel..,4.67,0.38,8.88,29.79,44,"    7,   16,    1","   32,   16,    1"
145,8.38,bn_fw_inf_1C11_kernel_NCHW,..bn_fw_inf_1C11_kernel_NCHW..,4.48,0.38,2.98,7.44,20,"  256,    1,    1","   64,    1,    1"
146,8.69,vectorized_elementwise_kernel,..launch_clamp_scalar..,2.91,0.25,1.25,8.96,18,"   98,    1,    1","  128,    1,    1"
147,14.23,nchwToNhwcKernel,..nchw2nhwc_params_t..,3.65,0.52,3.56,7.77,33,"    7,    8,    1","  256,    1,    1"
148,6.11,nchwToNhwcKernel,..nchw2nhwc_params_t..,10.05,0.61,47.74,44.61,33,"    1,    8,  256","  256,    1,    1"
149,18.15,sm86_xmma_fprop_implicit_gemm_indexed_tf32f32_tf32f32_f32_nhwckrsc_nchw_tilesize64x32x64_stage4_warpsize2x2x1_g1_tensor16x8x8_alignc4_execute_kernel_cudnn_infer,sm86_xmma_fprop_implicit_gemm_indexed_tf32f32_tf32f32_f32_nhwckrsc_nchw_tilesize64x32x64_stage4_warpsize2x2x1_g1_tensor16x8x8_alignc4_execute_kernel_cudnn_infer,24.61,4.47,21.46,45.52,122,"    8,    4,    2","  128,    1,    1"
150,7.22,bn_fw_inf_1C11_kernel_NCHW,..bn_fw_inf_1C11_kernel_NCHW..,4.54,0.33,2.92,7.24,20,"  256,    1,    1","   64,    1,    1"
151,6.11,vectorized_elementwise_kernel,..launch_clamp_scalar..,2.91,0.18,1.27,9.09,18,"   98,    1,    1","  128,    1,    1"
152,18.47,Kernel2,..cutlass_80_tensorop_s1688gemm_64x64_32x6_nn_align4..,13.06,2.41,18.28,37.01,96,"   64,    1,    1","  128,    1,    1"
153,6.64,bn_fw_inf_1C11_kernel_NCHW,..bn_fw_inf_1C11_kernel_NCHW..,5.50,0.37,9.03,28.90,20," 1024,    1,    1","   64,    1,    1"
154,5.34,vectorized_elementwise_kernel,..vectorized_elementwise_kernel..,4.93,0.26,2.54,43.82,22,"  392,    1,    1","  128,    1,    1"
155,8.68,vectorized_elementwise_kernel,..launch_clamp_scalar..,4,0.35,3.96,31.97,18,"  392,    1,    1","  128,    1,    1"
156,22.66,Kernel2,..cutlass_80_tensorop_s1688gemm_64x128_32x3_nn_align4..,17.31,3.92,13.55,22.02,148,"    8,    1,    5","  128,    1,    1"
157,5.87,splitKreduce_kernel,..splitKreduce_kernel..,4.74,0.28,9.68,28.30,44,"    7,   16,    1","   32,   16,    1"
158,6.88,bn_fw_inf_1C11_kernel_NCHW,..bn_fw_inf_1C11_kernel_NCHW..,4.58,0.31,3.04,8.67,20,"  256,    1,    1","   64,    1,    1"
159,6.58,vectorized_elementwise_kernel,..launch_clamp_scalar..,2.91,0.19,1.28,8.06,18,"   98,    1,    1","  128,    1,    1"
160,14.32,nchwToNhwcKernel,..nchw2nhwc_params_t..,3.71,0.53,3.60,7.65,33,"    7,    8,    1","  256,    1,    1"
161,6.44,nchwToNhwcKernel,..nchw2nhwc_params_t..,9.89,0.64,45.50,44.77,33,"    1,    8,  256","  256,    1,    1"
162,18.16,sm86_xmma_fprop_implicit_gemm_indexed_tf32f32_tf32f32_f32_nhwckrsc_nchw_tilesize64x32x64_stage4_warpsize2x2x1_g1_tensor16x8x8_alignc4_execute_kernel_cudnn_infer,sm86_xmma_fprop_implicit_gemm_indexed_tf32f32_tf32f32_f32_nhwckrsc_nchw_tilesize64x32x64_stage4_warpsize2x2x1_g1_tensor16x8x8_alignc4_execute_kernel_cudnn_infer,24.61,4.47,21.47,45.48,122,"    8,    4,    2","  128,    1,    1"
163,7.21,bn_fw_inf_1C11_kernel_NCHW,..bn_fw_inf_1C11_kernel_NCHW..,4.67,0.34,3.03,7.49,20,"  256,    1,    1","   64,    1,    1"
164,9.15,vectorized_elementwise_kernel,..launch_clamp_scalar..,2.91,0.27,1.25,8.68,18,"   98,    1,    1","  128,    1,    1"
165,18.30,Kernel2,..cutlass_80_tensorop_s1688gemm_64x64_32x6_nn_align4..,13.31,2.44,17.89,36.26,96,"   64,    1,    1","  128,    1,    1"
166,5.72,bn_fw_inf_1C11_kernel_NCHW,..bn_fw_inf_1C11_kernel_NCHW..,5.47,0.31,10.38,29.40,20," 1024,    1,    1","   64,    1,    1"
167,5.28,vectorized_elementwise_kernel,..vectorized_elementwise_kernel..,4.99,0.26,2.50,43.76,22,"  392,    1,    1","  128,    1,    1"
168,7.44,vectorized_elementwise_kernel,..launch_clamp_scalar..,4.06,0.30,4.08,31.05,18,"  392,    1,    1","  128,    1,    1"
169,22.22,Kernel2,..cutlass_80_tensorop_s1688gemm_64x128_32x3_nn_align4..,17.41,3.87,13.28,21.86,148,"    8,    1,    5","  128,    1,    1"
170,8.60,splitKreduce_kernel,..splitKreduce_kernel..,4.96,0.43,9.00,26.94,44,"    7,   16,    1","   32,   16,    1"
171,8.20,bn_fw_inf_1C11_kernel_NCHW,..bn_fw_inf_1C11_kernel_NCHW..,4.54,0.37,3.05,7.71,20,"  256,    1,    1","   64,    1,    1"
172,9.01,vectorized_elementwise_kernel,..launch_clamp_scalar..,2.91,0.26,1.30,9.01,18,"   98,    1,    1","  128,    1,    1"
173,14.59,nchwToNhwcKernel,..nchw2nhwc_params_t..,3.68,0.54,3.55,7.67,33,"    7,    8,    1","  256,    1,    1"
174,6.89,nchwToNhwcKernel,..nchw2nhwc_params_t..,10.18,0.70,48.32,47.32,33,"    1,    8,  256","  256,    1,    1"
175,18.27,sm86_xmma_fprop_implicit_gemm_indexed_tf32f32_tf32f32_f32_nhwckrsc_nchw_tilesize64x32x64_stage4_warpsize2x2x1_g1_tensor16x8x8_alignc4_execute_kernel_cudnn_infer,sm86_xmma_fprop_implicit_gemm_indexed_tf32f32_tf32f32_f32_nhwckrsc_nchw_tilesize64x32x64_stage4_warpsize2x2x1_g1_tensor16x8x8_alignc4_execute_kernel_cudnn_infer,24.48,4.47,21.35,45.67,122,"    8,    4,    2","  128,    1,    1"
176,6.55,bn_fw_inf_1C11_kernel_NCHW,..bn_fw_inf_1C11_kernel_NCHW..,4.51,0.30,2.97,6.49,20,"  256,    1,    1","   64,    1,    1"
177,5.72,vectorized_elementwise_kernel,..launch_clamp_scalar..,3.07,0.18,1.24,8.09,18,"   98,    1,    1","  128,    1,    1"
178,18.03,Kernel2,..cutlass_80_tensorop_s1688gemm_64x64_32x6_nn_align4..,12.93,2.33,17.90,37.34,96,"   64,    1,    1","  128,    1,    1"
179,6.76,bn_fw_inf_1C11_kernel_NCHW,..bn_fw_inf_1C11_kernel_NCHW..,5.38,0.36,9.51,25.50,20," 1024,    1,    1","   64,    1,    1"
180,5.32,vectorized_elementwise_kernel,..vectorized_elementwise_kernel..,4.93,0.26,2.24,44.48,22,"  392,    1,    1","  128,    1,    1"
181,8.47,vectorized_elementwise_kernel,..launch_clamp_scalar..,4.22,0.36,4.07,31.80,18,"  392,    1,    1","  128,    1,    1"
182,22.53,Kernel2,..cutlass_80_tensorop_s1688gemm_64x128_32x3_nn_align4..,17.28,3.89,13.53,22.04,148,"    8,    1,    5","  128,    1,    1"
183,5.31,splitKreduce_kernel,..splitKreduce_kernel..,4.70,0.25,8.99,27.79,44,"    7,   16,    1","   32,   16,    1"
184,9.37,bn_fw_inf_1C11_kernel_NCHW,..bn_fw_inf_1C11_kernel_NCHW..,4.61,0.43,3.08,7.24,20,"  256,    1,    1","   64,    1,    1"
185,6.60,vectorized_elementwise_kernel,..launch_clamp_scalar..,2.91,0.19,1.33,8.81,18,"   98,    1,    1","  128,    1,    1"
186,14.26,nchwToNhwcKernel,..nchw2nhwc_params_t..,3.68,0.52,3.59,7.65,33,"    7,    8,    1","  256,    1,    1"
187,5.94,nchwToNhwcKernel,..nchw2nhwc_params_t..,10.08,0.60,45.56,48.24,33,"    1,    8,  256","  256,    1,    1"
188,18.45,sm86_xmma_fprop_implicit_gemm_indexed_tf32f32_tf32f32_f32_nhwckrsc_nchw_tilesize64x32x64_stage4_warpsize2x2x1_g1_tensor16x8x8_alignc4_execute_kernel_cudnn_infer,sm86_xmma_fprop_implicit_gemm_indexed_tf32f32_tf32f32_f32_nhwckrsc_nchw_tilesize64x32x64_stage4_warpsize2x2x1_g1_tensor16x8x8_alignc4_execute_kernel_cudnn_infer,24.45,4.51,21.46,45.75,122,"    8,    4,    2","  128,    1,    1"
189,6.60,bn_fw_inf_1C11_kernel_NCHW,..bn_fw_inf_1C11_kernel_NCHW..,4.61,0.30,3.06,8.44,20,"  256,    1,    1","   64,    1,    1"
190,8.76,vectorized_elementwise_kernel,..launch_clamp_scalar..,2.98,0.26,1.31,9.24,18,"   98,    1,    1","  128,    1,    1"
191,18.29,Kernel2,..cutlass_80_tensorop_s1688gemm_64x64_32x6_nn_align4..,13.12,2.40,17.89,36.87,96,"   64,    1,    1","  128,    1,    1"
192,9.06,bn_fw_inf_1C11_kernel_NCHW,..bn_fw_inf_1C11_kernel_NCHW..,5.54,0.50,10.31,28.14,20," 1024,    1,    1","   64,    1,    1"
193,6.96,vectorized_elementwise_kernel,..vectorized_elementwise_kernel..,4.90,0.34,2.52,41.57,22,"  392,    1,    1","  128,    1,    1"
194,9.20,vectorized_elementwise_kernel,..launch_clamp_scalar..,3.97,0.37,4.01,31.93,18,"  392,    1,    1","  128,    1,    1"
195,22.76,Kernel2,..cutlass_80_tensorop_s1688gemm_64x128_32x3_nn_align4..,17.25,3.93,13.48,22.08,148,"    8,    1,    5","  128,    1,    1"
196,6.23,splitKreduce_kernel,..splitKreduce_kernel..,4.74,0.30,9.20,28.51,44,"    7,   16,    1","   32,   16,    1"
197,6.70,bn_fw_inf_1C11_kernel_NCHW,..bn_fw_inf_1C11_kernel_NCHW..,4.61,0.31,3.05,7.39,20,"  256,    1,    1","   64,    1,    1"
198,9.66,vectorized_elementwise_kernel,..launch_clamp_scalar..,2.88,0.28,1.30,9.01,18,"   98,    1,    1","  128,    1,    1"
199,14.50,nchwToNhwcKernel,..nchw2nhwc_params_t..,3.68,0.53,3.58,7.68,33,"    7,    8,    1","  256,    1,    1"
200,7.11,nchwToNhwcKernel,..nchw2nhwc_params_t..,10.02,0.71,48.50,44.77,33,"    1,    8,  256","  256,    1,    1"
201,18.41,sm86_xmma_fprop_implicit_gemm_indexed_tf32f32_tf32f32_f32_nhwckrsc_nchw_tilesize64x32x64_stage4_warpsize2x2x1_g1_tensor16x8x8_alignc4_execute_kernel_cudnn_infer,sm86_xmma_fprop_implicit_gemm_indexed_tf32f32_tf32f32_f32_nhwckrsc_nchw_tilesize64x32x64_stage4_warpsize2x2x1_g1_tensor16x8x8_alignc4_execute_kernel_cudnn_infer,24.61,4.53,21.23,45.46,122,"    8,    4,    2","  128,    1,    1"
202,6.94,bn_fw_inf_1C11_kernel_NCHW,..bn_fw_inf_1C11_kernel_NCHW..,4.51,0.31,2.97,7.05,20,"  256,    1,    1","   64,    1,    1"
203,6.34,vectorized_elementwise_kernel,..launch_clamp_scalar..,2.91,0.18,1.31,9.08,18,"   98,    1,    1","  128,    1,    1"
204,17.84,Kernel2,..cutlass_80_tensorop_s1688gemm_64x64_32x6_nn_align4..,13.09,2.33,18.11,36.98,96,"   64,    1,    1","  128,    1,    1"
205,6.22,bn_fw_inf_1C11_kernel_NCHW,..bn_fw_inf_1C11_kernel_NCHW..,5.60,0.35,10.31,28.20,20," 1024,    1,    1","   64,    1,    1"
206,6.52,vectorized_elementwise_kernel,..vectorized_elementwise_kernel..,4.83,0.31,2.46,43.59,22,"  392,    1,    1","  128,    1,    1"
207,7.02,vectorized_elementwise_kernel,..launch_clamp_scalar..,4.03,0.28,3.72,28.32,18,"  392,    1,    1","  128,    1,    1"
208,22.58,Kernel2,..cutlass_80_tensorop_s1688gemm_64x128_32x3_nn_align4..,17.15,3.87,13.60,22.18,148,"    8,    1,    5","  128,    1,    1"
209,6.79,splitKreduce_kernel,..splitKreduce_kernel..,4.86,0.33,9.53,27.15,44,"    7,   16,    1","   32,   16,    1"
210,6.38,bn_fw_inf_1C11_kernel_NCHW,..bn_fw_inf_1C11_kernel_NCHW..,4.54,0.29,3.04,8.47,20,"  256,    1,    1","   64,    1,    1"
211,6.90,vectorized_elementwise_kernel,..launch_clamp_scalar..,2.91,0.20,1.31,8.09,18,"   98,    1,    1","  128,    1,    1"
212,13.56,nchwToNhwcKernel,..nchw2nhwc_params_t..,3.65,0.49,3.45,7.78,33,"    7,    8,    1","  256,    1,    1"
213,6.83,nchwToNhwcKernel,..nchw2nhwc_params_t..,10.02,0.68,47.90,44.88,33,"    1,    8,  256","  256,    1,    1"
214,18.24,sm86_xmma_fprop_implicit_gemm_indexed_tf32f32_tf32f32_f32_nhwckrsc_nchw_tilesize64x32x64_stage4_warpsize2x2x1_g1_tensor16x8x8_alignc4_execute_kernel_cudnn_infer,sm86_xmma_fprop_implicit_gemm_indexed_tf32f32_tf32f32_f32_nhwckrsc_nchw_tilesize64x32x64_stage4_warpsize2x2x1_g1_tensor16x8x8_alignc4_execute_kernel_cudnn_infer,24.51,4.47,21.43,45.67,122,"    8,    4,    2","  128,    1,    1"
215,7.57,bn_fw_inf_1C11_kernel_NCHW,..bn_fw_inf_1C11_kernel_NCHW..,4.67,0.35,3.08,8.41,20,"  256,    1,    1","   64,    1,    1"
216,8.39,vectorized_elementwise_kernel,..launch_clamp_scalar..,2.91,0.24,1.26,8.25,18,"   98,    1,    1","  128,    1,    1"
217,17.90,Kernel2,..cutlass_80_tensorop_s1688gemm_64x64_32x6_nn_align4..,13.18,2.36,17.91,36.67,96,"   64,    1,    1","  128,    1,    1"
218,5.00,bn_fw_inf_1C11_kernel_NCHW,..bn_fw_inf_1C11_kernel_NCHW..,8.58,0.43,8.95,19.25,20," 1024,    1,    1","   64,    1,    1"
219,6.58,vectorized_elementwise_kernel,..vectorized_elementwise_kernel..,4.93,0.32,2.27,45.01,22,"  392,    1,    1","  128,    1,    1"
220,7.46,vectorized_elementwise_kernel,..launch_clamp_scalar..,4,0.30,3.94,31.84,18,"  392,    1,    1","  128,    1,    1"
221,22.59,Kernel2,..cutlass_80_tensorop_s1688gemm_64x128_32x3_nn_align4..,17.18,3.88,13.51,22.11,148,"    8,    1,    5","  128,    1,    1"
222,8.81,splitKreduce_kernel,..splitKreduce_kernel..,4.67,0.41,9.67,29.71,44,"    7,   16,    1","   32,   16,    1"
223,9.34,bn_fw_inf_1C11_kernel_NCHW,..bn_fw_inf_1C11_kernel_NCHW..,4.51,0.42,3.05,6.75,20,"  256,    1,    1","   64,    1,    1"
224,8.12,vectorized_elementwise_kernel,..launch_clamp_scalar..,3.01,0.24,1.30,8.87,18,"   98,    1,    1","  128,    1,    1"
225,14.28,nchwToNhwcKernel,..nchw2nhwc_params_t..,3.68,0.53,3.48,8.17,33,"    7,    8,    1","  256,    1,    1"
226,7.23,nchwToNhwcKernel,..nchw2nhwc_params_t..,10.02,0.72,47.56,44.80,33,"    1,    8,  256","  256,    1,    1"
227,18.23,sm86_xmma_fprop_implicit_gemm_indexed_tf32f32_tf32f32_f32_nhwckrsc_nchw_tilesize64x32x64_stage4_warpsize2x2x1_g1_tensor16x8x8_alignc4_execute_kernel_cudnn_infer,sm86_xmma_fprop_implicit_gemm_indexed_tf32f32_tf32f32_f32_nhwckrsc_nchw_tilesize64x32x64_stage4_warpsize2x2x1_g1_tensor16x8x8_alignc4_execute_kernel_cudnn_infer,24.58,4.48,21.42,45.57,122,"    8,    4,    2","  128,    1,    1"
228,6.48,bn_fw_inf_1C11_kernel_NCHW,..bn_fw_inf_1C11_kernel_NCHW..,4.58,0.30,3.01,8.26,20,"  256,    1,    1","   64,    1,    1"
229,6.32,vectorized_elementwise_kernel,..launch_clamp_scalar..,2.91,0.18,1.31,9.08,18,"   98,    1,    1","  128,    1,    1"
230,18.09,Kernel2,..cutlass_80_tensorop_s1688gemm_64x64_32x6_nn_align4..,12.96,2.34,18.08,37.25,96,"   64,    1,    1","  128,    1,    1"
231,6.87,bn_fw_inf_1C11_kernel_NCHW,..bn_fw_inf_1C11_kernel_NCHW..,5.44,0.37,9.39,29.87,20," 1024,    1,    1","   64,    1,    1"
232,5.52,vectorized_elementwise_kernel,..vectorized_elementwise_kernel..,5.06,0.28,2.49,43.26,22,"  392,    1,    1","  128,    1,    1"
233,7.72,vectorized_elementwise_kernel,..launch_clamp_scalar..,3.97,0.31,4.03,32.04,18,"  392,    1,    1","  128,    1,    1"
234,22.59,Kernel2,..cutlass_80_tensorop_s1688gemm_64x128_32x3_nn_align4..,17.22,3.89,13.50,22.07,148,"    8,    1,    5","  128,    1,    1"
235,6.75,splitKreduce_kernel,..splitKreduce_kernel..,4.74,0.32,9.50,28.96,44,"    7,   16,    1","   32,   16,    1"
236,6.92,bn_fw_inf_1C11_kernel_NCHW,..bn_fw_inf_1C11_kernel_NCHW..,4.61,0.32,3.03,8.59,20,"  256,    1,    1","   64,    1,    1"
237,6.32,vectorized_elementwise_kernel,..launch_clamp_scalar..,2.91,0.18,1.28,8.56,18,"   98,    1,    1","  128,    1,    1"
238,13.91,nchwToNhwcKernel,..nchw2nhwc_params_t..,3.68,0.51,3.50,7.74,33,"    7,    8,    1","  256,    1,    1"
239,6.34,nchwToNhwcKernel,..nchw2nhwc_params_t..,10.08,0.64,48.81,47.66,33,"    1,    8,  256","  256,    1,    1"
240,18.19,sm86_xmma_fprop_implicit_gemm_indexed_tf32f32_tf32f32_f32_nhwckrsc_nchw_tilesize64x32x64_stage4_warpsize2x2x1_g1_tensor16x8x8_alignc4_execute_kernel_cudnn_infer,sm86_xmma_fprop_implicit_gemm_indexed_tf32f32_tf32f32_f32_nhwckrsc_nchw_tilesize64x32x64_stage4_warpsize2x2x1_g1_tensor16x8x8_alignc4_execute_kernel_cudnn_infer,24.74,4.50,21.34,45.26,122,"    8,    4,    2","  128,    1,    1"
241,8.07,bn_fw_inf_1C11_kernel_NCHW,..bn_fw_inf_1C11_kernel_NCHW..,4.61,0.37,3.03,8.31,20,"  256,    1,    1","   64,    1,    1"
242,8.72,vectorized_elementwise_kernel,..launch_clamp_scalar..,2.94,0.26,1.25,8.06,18,"   98,    1,    1","  128,    1,    1"
243,18.25,Kernel2,..cutlass_80_tensorop_s1688gemm_64x64_32x6_nn_align4..,13.06,2.38,18.03,36.92,96,"   64,    1,    1","  128,    1,    1"
244,6.62,bn_fw_inf_1C11_kernel_NCHW,..bn_fw_inf_1C11_kernel_NCHW..,5.57,0.37,10.38,28.55,20," 1024,    1,    1","   64,    1,    1"
245,8.17,vectorized_elementwise_kernel,..vectorized_elementwise_kernel..,4.61,0.38,2.51,46.88,22,"  392,    1,    1","  128,    1,    1"
246,12.11,vectorized_elementwise_kernel,..launch_clamp_scalar..,3.94,0.48,4.03,29.30,18,"  392,    1,    1","  128,    1,    1"
247,22.65,Kernel2,..cutlass_80_tensorop_s1688gemm_64x128_32x3_nn_align4..,17.12,3.88,13.57,22.20,148,"    8,    1,    5","  128,    1,    1"
248,7.22,splitKreduce_kernel,..splitKreduce_kernel..,4.90,0.35,9.47,28.66,44,"    7,   16,    1","   32,   16,    1"
249,6.85,bn_fw_inf_1C11_kernel_NCHW,..bn_fw_inf_1C11_kernel_NCHW..,4.48,0.31,3.03,6.96,20,"  256,    1,    1","   64,    1,    1"
250,8.57,vectorized_elementwise_kernel,..launch_clamp_scalar..,2.94,0.25,1.30,9.56,18,"   98,    1,    1","  128,    1,    1"
251,14.00,nchwToNhwcKernel,..nchw2nhwc_params_t..,3.68,0.52,3.48,7.73,33,"    7,    8,    1","  256,    1,    1"
252,7.14,nchwToNhwcKernel,..nchw2nhwc_params_t..,10.14,0.72,47.37,47.32,33,"    1,    8,  256","  256,    1,    1"
253,18.05,sm86_xmma_fprop_implicit_gemm_indexed_tf32f32_tf32f32_f32_nhwckrsc_nchw_tilesize64x32x64_stage4_warpsize2x2x1_g1_tensor16x8x8_alignc4_execute_kernel_cudnn_infer,sm86_xmma_fprop_implicit_gemm_indexed_tf32f32_tf32f32_f32_nhwckrsc_nchw_tilesize64x32x64_stage4_warpsize2x2x1_g1_tensor16x8x8_alignc4_execute_kernel_cudnn_infer,24.51,4.42,21.28,45.63,122,"    8,    4,    2","  128,    1,    1"
254,6.62,bn_fw_inf_1C11_kernel_NCHW,..bn_fw_inf_1C11_kernel_NCHW..,4.48,0.30,3.06,7.33,20,"  256,    1,    1","   64,    1,    1"
255,5.85,vectorized_elementwise_kernel,..launch_clamp_scalar..,3.04,0.18,1.32,7.80,18,"   98,    1,    1","  128,    1,    1"
256,17.82,Kernel2,..cutlass_80_tensorop_s1688gemm_64x64_32x6_nn_align4..,13.09,2.33,17.73,36.92,96,"   64,    1,    1","  128,    1,    1"
257,5.64,bn_fw_inf_1C11_kernel_NCHW,..bn_fw_inf_1C11_kernel_NCHW..,5.63,0.32,9.11,28.58,20," 1024,    1,    1","   64,    1,    1"
258,5.53,vectorized_elementwise_kernel,..vectorized_elementwise_kernel..,5.06,0.28,2.34,43.34,22,"  392,    1,    1","  128,    1,    1"
259,6.51,vectorized_elementwise_kernel,..launch_clamp_scalar..,4.13,0.27,4.03,31.20,18,"  392,    1,    1","  128,    1,    1"
260,22.51,Kernel2,..cutlass_80_tensorop_s1688gemm_64x128_32x3_nn_align4..,17.22,3.88,13.47,22.12,148,"    8,    1,    5","  128,    1,    1"
261,7.69,splitKreduce_kernel,..splitKreduce_kernel..,4.64,0.36,9.26,27.02,44,"    7,   16,    1","   32,   16,    1"
262,8.02,bn_fw_inf_1C11_kernel_NCHW,..bn_fw_inf_1C11_kernel_NCHW..,4.61,0.37,3.05,7.36,20,"  256,    1,    1","   64,    1,    1"
263,6.06,vectorized_elementwise_kernel,..launch_clamp_scalar..,2.91,0.18,1.34,8.21,18,"   98,    1,    1","  128,    1,    1"
264,14.66,nchwToNhwcKernel,..nchw2nhwc_params_t..,3.81,0.56,3.58,7.39,33,"    7,    8,    1","  256,    1,    1"
265,7.36,nchwToNhwcKernel,..nchw2nhwc_params_t..,10.21,0.75,47.31,46.90,33,"    1,    8,  256","  256,    1,    1"
266,18.03,sm86_xmma_fprop_implicit_gemm_indexed_tf32f32_tf32f32_f32_nhwckrsc_nchw_tilesize64x32x64_stage4_warpsize2x2x1_g1_tensor16x8x8_alignc4_execute_kernel_cudnn_infer,sm86_xmma_fprop_implicit_gemm_indexed_tf32f32_tf32f32_f32_nhwckrsc_nchw_tilesize64x32x64_stage4_warpsize2x2x1_g1_tensor16x8x8_alignc4_execute_kernel_cudnn_infer,24.70,4.45,21.36,45.29,122,"    8,    4,    2","  128,    1,    1"
267,6.45,bn_fw_inf_1C11_kernel_NCHW,..bn_fw_inf_1C11_kernel_NCHW..,4.61,0.30,3.00,8.55,20,"  256,    1,    1","   64,    1,    1"
268,9.01,vectorized_elementwise_kernel,..launch_clamp_scalar..,2.94,0.27,1.32,8.59,18,"   98,    1,    1","  128,    1,    1"
269,18.06,Kernel2,..cutlass_80_tensorop_s1688gemm_64x64_32x6_nn_align4..,13.18,2.38,18.08,36.69,96,"   64,    1,    1","  128,    1,    1"
270,7.51,bn_fw_inf_1C11_kernel_NCHW,..bn_fw_inf_1C11_kernel_NCHW..,5.47,0.41,10.34,29.41,20," 1024,    1,    1","   64,    1,    1"
271,6.10,vectorized_elementwise_kernel,..vectorized_elementwise_kernel..,4.90,0.30,2.31,45.16,22,"  392,    1,    1","  128,    1,    1"
272,8.12,vectorized_elementwise_kernel,..launch_clamp_scalar..,4.03,0.33,3.96,31.73,18,"  392,    1,    1","  128,    1,    1"
273,22.58,Kernel2,..cutlass_80_tensorop_s1688gemm_64x128_32x3_nn_align4..,17.34,3.92,13.48,21.92,148,"    8,    1,    5","  128,    1,    1"
274,6.02,splitKreduce_kernel,..splitKreduce_kernel..,4.77,0.29,9.60,29.33,44,"    7,   16,    1","   32,   16,    1"
275,7.73,bn_fw_inf_1C11_kernel_NCHW,..bn_fw_inf_1C11_kernel_NCHW..,4.64,0.36,3.02,7.06,20,"  256,    1,    1","   64,    1,    1"
276,8.69,vectorized_elementwise_kernel,..launch_clamp_scalar..,2.91,0.25,1.31,9.22,18,"   98,    1,    1","  128,    1,    1"
277,13.54,nchwToNhwcKernel,..nchw2nhwc_params_t..,3.71,0.50,3.40,7.56,33,"    7,    8,    1","  256,    1,    1"
278,6.15,nchwToNhwcKernel,..nchw2nhwc_params_t..,10.14,0.62,47.37,47.31,33,"    1,    8,  256","  256,    1,    1"
279,18.52,sm86_xmma_fprop_implicit_gemm_indexed_tf32f32_tf32f32_f32_nhwckrsc_nchw_tilesize64x32x64_stage4_warpsize2x2x1_g1_tensor16x8x8_alignc4_execute_kernel_cudnn_infer,sm86_xmma_fprop_implicit_gemm_indexed_tf32f32_tf32f32_f32_nhwckrsc_nchw_tilesize64x32x64_stage4_warpsize2x2x1_g1_tensor16x8x8_alignc4_execute_kernel_cudnn_infer,24.54,4.54,21.41,45.62,122,"    8,    4,    2","  128,    1,    1"
280,7.31,bn_fw_inf_1C11_kernel_NCHW,..bn_fw_inf_1C11_kernel_NCHW..,4.70,0.34,3.03,6.87,20,"  256,    1,    1","   64,    1,    1"
281,5.21,vectorized_elementwise_kernel,..launch_clamp_scalar..,2.98,0.16,1.29,8.93,18,"   98,    1,    1","  128,    1,    1"
282,18.23,Kernel2,..cutlass_80_tensorop_s1688gemm_64x64_32x6_nn_align4..,12.99,2.37,18.13,37.30,96,"   64,    1,    1","  128,    1,    1"
283,7.33,bn_fw_inf_1C11_kernel_NCHW,..bn_fw_inf_1C11_kernel_NCHW..,5.70,0.42,10.40,28.30,20," 1024,    1,    1","   64,    1,    1"
284,7.71,vectorized_elementwise_kernel,..vectorized_elementwise_kernel..,4.96,0.38,2.49,44.36,22,"  392,    1,    1","  128,    1,    1"
285,7.38,vectorized_elementwise_kernel,..launch_clamp_scalar..,4.16,0.31,3.88,30.70,18,"  392,    1,    1","  128,    1,    1"
286,22.58,Kernel2,..cutlass_80_tensorop_s1688gemm_64x128_32x3_nn_align4..,17.28,3.90,13.57,22.01,148,"    8,    1,    5","  128,    1,    1"
287,6.49,splitKreduce_kernel,..splitKreduce_kernel..,4.74,0.31,9.60,28.45,44,"    7,   16,    1","   32,   16,    1"
288,9.73,bn_fw_inf_1C11_kernel_NCHW,..bn_fw_inf_1C11_kernel_NCHW..,4.64,0.45,3.07,8.37,20,"  256,    1,    1","   64,    1,    1"
289,6.11,vectorized_elementwise_kernel,..launch_clamp_scalar..,2.94,0.18,1.31,9.39,18,"   98,    1,    1","  128,    1,    1"
290,14.16,nchwToNhwcKernel,..nchw2nhwc_params_t..,3.65,0.52,3.57,7.70,33,"    7,    8,    1","  256,    1,    1"
291,5.79,nchwToNhwcKernel,..nchw2nhwc_params_t..,10.08,0.58,47.35,44.94,33,"    1,    8,  256","  256,    1,    1"
292,18.52,sm86_xmma_fprop_implicit_gemm_indexed_tf32f32_tf32f32_f32_nhwckrsc_nchw_tilesize64x32x64_stage4_warpsize2x2x1_g1_tensor16x8x8_alignc4_execute_kernel_cudnn_infer,sm86_xmma_fprop_implicit_gemm_indexed_tf32f32_tf32f32_f32_nhwckrsc_nchw_tilesize64x32x64_stage4_warpsize2x2x1_g1_tensor16x8x8_alignc4_execute_kernel_cudnn_infer,24.77,4.59,21.52,45.17,122,"    8,    4,    2","  128,    1,    1"
293,6.63,bn_fw_inf_1C11_kernel_NCHW,..bn_fw_inf_1C11_kernel_NCHW..,4.74,0.31,3.02,8.65,20,"  256,    1,    1","   64,    1,    1"
294,8.15,vectorized_elementwise_kernel,..launch_clamp_scalar..,3.01,0.25,1.32,8.29,18,"   98,    1,    1","  128,    1,    1"
295,17.89,Kernel2,..cutlass_80_tensorop_s1688gemm_64x64_32x6_nn_align4..,13.25,2.37,17.77,36.50,96,"   64,    1,    1","  128,    1,    1"
296,6.15,bn_fw_inf_1C11_kernel_NCHW,..bn_fw_inf_1C11_kernel_NCHW..,5.70,0.35,10.36,27.98,20," 1024,    1,    1","   64,    1,    1"
297,9.26,vectorized_elementwise_kernel,..vectorized_elementwise_kernel..,4.99,0.46,2.46,44.47,22,"  392,    1,    1","  128,    1,    1"
298,8.11,vectorized_elementwise_kernel,..launch_clamp_scalar..,4.06,0.33,4.10,30.93,18,"  392,    1,    1","  128,    1,    1"
299,22.60,Kernel2,..cutlass_80_tensorop_s1688gemm_64x128_32x3_nn_align4..,17.41,3.93,13.36,21.84,148,"    8,    1,    5","  128,    1,    1"
300,7.82,splitKreduce_kernel,..splitKreduce_kernel..,4.64,0.36,9.18,30.48,44,"    7,   16,    1","   32,   16,    1"
301,6.55,bn_fw_inf_1C11_kernel_NCHW,..bn_fw_inf_1C11_kernel_NCHW..,4.67,0.31,3.03,7.63,20,"  256,    1,    1","   64,    1,    1"
302,8.00,vectorized_elementwise_kernel,..launch_clamp_scalar..,2.98,0.24,1.27,8.92,18,"   98,    1,    1","  128,    1,    1"
303,13.65,nchwToNhwcKernel,..nchw2nhwc_params_t..,3.78,0.52,3.46,7.49,33,"    7,    8,    1","  256,    1,    1"
304,7.06,nchwToNhwcKernel,..nchw2nhwc_params_t..,10.11,0.71,48.20,47.20,33,"    1,    8,  256","  256,    1,    1"
305,18.70,sm86_xmma_fprop_implicit_gemm_indexed_tf32f32_tf32f32_f32_nhwckrsc_nchw_tilesize64x32x64_stage4_warpsize2x2x1_g1_tensor16x8x8_alignc4_execute_kernel_cudnn_infer,sm86_xmma_fprop_implicit_gemm_indexed_tf32f32_tf32f32_f32_nhwckrsc_nchw_tilesize64x32x64_stage4_warpsize2x2x1_g1_tensor16x8x8_alignc4_execute_kernel_cudnn_infer,24.67,4.61,21.45,45.38,122,"    8,    4,    2","  128,    1,    1"
306,6.65,bn_fw_inf_1C11_kernel_NCHW,..bn_fw_inf_1C11_kernel_NCHW..,4.61,0.31,3.06,7.25,20,"  256,    1,    1","   64,    1,    1"
307,5.85,vectorized_elementwise_kernel,..launch_clamp_scalar..,2.94,0.17,1.29,9.02,18,"   98,    1,    1","  128,    1,    1"
308,18.36,Kernel2,..cutlass_80_tensorop_s1688gemm_64x64_32x6_nn_align4..,13.02,2.39,18.27,37.10,96,"   64,    1,    1","  128,    1,    1"
309,5.44,bn_fw_inf_1C11_kernel_NCHW,..bn_fw_inf_1C11_kernel_NCHW..,5.41,0.29,9.58,25.64,20," 1024,    1,    1","   64,    1,    1"
310,5.52,vectorized_elementwise_kernel,..vectorized_elementwise_kernel..,4.83,0.27,2.27,43.49,22,"  392,    1,    1","  128,    1,    1"
311,7.38,vectorized_elementwise_kernel,..launch_clamp_scalar..,4.19,0.31,3.64,31.46,18,"  392,    1,    1","  128,    1,    1"
312,22.79,Kernel2,..cutlass_80_tensorop_s1688gemm_64x128_32x3_nn_align4..,17.41,3.97,13.50,21.85,148,"    8,    1,    5","  128,    1,    1"
313,6.99,splitKreduce_kernel,..splitKreduce_kernel..,4.58,0.32,9.74,27.66,44,"    7,   16,    1","   32,   16,    1"
314,7.33,bn_fw_inf_1C11_kernel_NCHW,..bn_fw_inf_1C11_kernel_NCHW..,4.54,0.33,3.07,8.74,20,"  256,    1,    1","   64,    1,    1"
315,7.08,vectorized_elementwise_kernel,..launch_clamp_scalar..,2.91,0.21,1.33,8.11,18,"   98,    1,    1","  128,    1,    1"
316,14.35,nchwToNhwcKernel,..nchw2nhwc_params_t..,3.71,0.53,3.49,7.60,33,"    7,    8,    1","  256,    1,    1"
317,6.64,nchwToNhwcKernel,..nchw2nhwc_params_t..,10.05,0.67,47.34,47.54,33,"    1,    8,  256","  256,    1,    1"
318,18.26,sm86_xmma_fprop_implicit_gemm_indexed_tf32f32_tf32f32_f32_nhwckrsc_nchw_tilesize64x32x64_stage4_warpsize2x2x1_g1_tensor16x8x8_alignc4_execute_kernel_cudnn_infer,sm86_xmma_fprop_implicit_gemm_indexed_tf32f32_tf32f32_f32_nhwckrsc_nchw_tilesize64x32x64_stage4_warpsize2x2x1_g1_tensor16x8x8_alignc4_execute_kernel_cudnn_infer,24.51,4.48,21.42,45.68,122,"    8,    4,    2","  128,    1,    1"
319,7.81,bn_fw_inf_1C11_kernel_NCHW,..bn_fw_inf_1C11_kernel_NCHW..,4.58,0.36,3.07,8.67,20,"  256,    1,    1","   64,    1,    1"
320,7.82,vectorized_elementwise_kernel,..launch_clamp_scalar..,2.94,0.23,1.32,8.61,18,"   98,    1,    1","  128,    1,    1"
321,18.42,Kernel2,..cutlass_80_tensorop_s1688gemm_64x64_32x6_nn_align4..,13.09,2.41,17.97,36.94,96,"   64,    1,    1","  128,    1,    1"
322,6.96,bn_fw_inf_1C11_kernel_NCHW,..bn_fw_inf_1C11_kernel_NCHW..,5.57,0.39,10.03,28.16,20," 1024,    1,    1","   64,    1,    1"
323,5.83,vectorized_elementwise_kernel,..vectorized_elementwise_kernel..,4.86,0.28,2.52,45.36,22,"  392,    1,    1","  128,    1,    1"
324,7.84,vectorized_elementwise_kernel,..launch_clamp_scalar..,4,0.31,4.00,32.03,18,"  392,    1,    1","  128,    1,    1"
325,22.66,Kernel2,..cutlass_80_tensorop_s1688gemm_64x128_32x3_nn_align4..,17.15,3.89,13.58,22.17,148,"    8,    1,    5","  128,    1,    1"
326,7.28,splitKreduce_kernel,..splitKreduce_kernel..,4.70,0.34,9.42,30.09,44,"    7,   16,    1","   32,   16,    1"
327,7.50,bn_fw_inf_1C11_kernel_NCHW,..bn_fw_inf_1C11_kernel_NCHW..,4.54,0.34,3.05,7.61,20,"  256,    1,    1","   64,    1,    1"
328,8.57,vectorized_elementwise_kernel,..launch_clamp_scalar..,2.94,0.25,0.95,9.06,18,"   98,    1,    1","  128,    1,    1"
329,14.78,nchwToNhwcKernel,..nchw2nhwc_params_t..,3.68,0.54,3.60,7.65,33,"    7,    8,    1","  256,    1,    1"
330,7.06,nchwToNhwcKernel,..nchw2nhwc_params_t..,10.05,0.71,47.80,43.97,33,"    1,    8,  256","  256,    1,    1"
331,18.66,sm86_xmma_fprop_implicit_gemm_indexed_tf32f32_tf32f32_f32_nhwckrsc_nchw_tilesize64x32x64_stage4_warpsize2x2x1_g1_tensor16x8x8_alignc4_execute_kernel_cudnn_infer,sm86_xmma_fprop_implicit_gemm_indexed_tf32f32_tf32f32_f32_nhwckrsc_nchw_tilesize64x32x64_stage4_warpsize2x2x1_g1_tensor16x8x8_alignc4_execute_kernel_cudnn_infer,24.70,4.61,21.52,45.29,122,"    8,    4,    2","  128,    1,    1"
332,6.97,bn_fw_inf_1C11_kernel_NCHW,..bn_fw_inf_1C11_kernel_NCHW..,4.58,0.32,2.99,7.09,20,"  256,    1,    1","   64,    1,    1"
333,6.80,vectorized_elementwise_kernel,..launch_clamp_scalar..,2.98,0.20,1.33,9.36,18,"   98,    1,    1","  128,    1,    1"
334,18.10,Kernel2,..cutlass_80_tensorop_s1688gemm_64x64_32x6_nn_align4..,13.12,2.37,18.12,36.77,96,"   64,    1,    1","  128,    1,    1"
335,5.92,bn_fw_inf_1C11_kernel_NCHW,..bn_fw_inf_1C11_kernel_NCHW..,5.70,0.34,9.33,28.50,20," 1024,    1,    1","   64,    1,    1"
336,5.65,vectorized_elementwise_kernel,..vectorized_elementwise_kernel..,4.90,0.28,2.50,44.91,22,"  392,    1,    1","  128,    1,    1"
337,7.64,vectorized_elementwise_kernel,..launch_clamp_scalar..,4,0.31,3.96,31.86,18,"  392,    1,    1","  128,    1,    1"
338,22.57,Kernel2,..cutlass_80_tensorop_s1688gemm_64x128_32x3_nn_align4..,17.18,3.88,13.53,22.15,148,"    8,    1,    5","  128,    1,    1"
339,6.38,splitKreduce_kernel,..splitKreduce_kernel..,4.74,0.30,9.75,26.07,44,"    7,   16,    1","   32,   16,    1"
340,5.93,bn_fw_inf_1C11_kernel_NCHW,..bn_fw_inf_1C11_kernel_NCHW..,4.64,0.28,3.06,8.27,20,"  256,    1,    1","   64,    1,    1"
341,6.34,vectorized_elementwise_kernel,..launch_clamp_scalar..,2.94,0.19,1.32,8.15,18,"   98,    1,    1","  128,    1,    1"
342,14.58,nchwToNhwcKernel,..nchw2nhwc_params_t..,3.68,0.54,3.58,7.64,33,"    7,    8,    1","  256,    1,    1"
343,6.52,nchwToNhwcKernel,..nchw2nhwc_params_t..,10.21,0.67,47.99,47.36,33,"    1,    8,  256","  256,    1,    1"
344,18.26,sm86_xmma_fprop_implicit_gemm_indexed_tf32f32_tf32f32_f32_nhwckrsc_nchw_tilesize64x32x64_stage4_warpsize2x2x1_g1_tensor16x8x8_alignc4_execute_kernel_cudnn_infer,sm86_xmma_fprop_implicit_gemm_indexed_tf32f32_tf32f32_f32_nhwckrsc_nchw_tilesize64x32x64_stage4_warpsize2x2x1_g1_tensor16x8x8_alignc4_execute_kernel_cudnn_infer,24.48,4.47,21.44,45.72,122,"    8,    4,    2","  128,    1,    1"
345,6.77,bn_fw_inf_1C11_kernel_NCHW,..bn_fw_inf_1C11_kernel_NCHW..,4.58,0.31,3.07,8.39,20,"  256,    1,    1","   64,    1,    1"
346,8.74,vectorized_elementwise_kernel,..launch_clamp_scalar..,2.94,0.26,1.29,8.57,18,"   98,    1,    1","  128,    1,    1"
347,18.28,Kernel2,..cutlass_80_tensorop_s1688gemm_64x64_32x6_nn_align4..,13.06,2.39,17.93,36.99,96,"   64,    1,    1","  128,    1,    1"
348,6.97,bn_fw_inf_1C11_kernel_NCHW,..bn_fw_inf_1C11_kernel_NCHW..,5.47,0.38,10.32,28.24,20," 1024,    1,    1","   64,    1,    1"
349,6.30,vectorized_elementwise_kernel,..vectorized_elementwise_kernel..,5.09,0.32,2.29,42.91,22,"  392,    1,    1","  128,    1,    1"
350,11.23,vectorized_elementwise_kernel,..launch_clamp_scalar..,4.10,0.46,3.92,31.73,18,"  392,    1,    1","  128,    1,    1"
351,22.57,Kernel2,..cutlass_80_tensorop_s1688gemm_64x128_32x3_nn_align4..,17.22,3.89,13.53,22.07,148,"    8,    1,    5","  128,    1,    1"
352,7.74,splitKreduce_kernel,..splitKreduce_kernel..,4.80,0.37,9.33,29.31,44,"    7,   16,    1","   32,   16,    1"
353,6.39,bn_fw_inf_1C11_kernel_NCHW,..bn_fw_inf_1C11_kernel_NCHW..,4.51,0.29,3.06,7.65,20,"  256,    1,    1","   64,    1,    1"
354,9.17,vectorized_elementwise_kernel,..launch_clamp_scalar..,2.91,0.27,1.32,8.14,18,"   98,    1,    1","  128,    1,    1"
355,13.98,nchwToNhwcKernel,..nchw2nhwc_params_t..,3.68,0.51,3.53,7.70,33,"    7,    8,    1","  256,    1,    1"
356,7.84,nchwToNhwcKernel,..nchw2nhwc_params_t..,10.08,0.79,48.21,48.74,33,"    1,    8,  256","  256,    1,    1"
357,17.84,sm86_xmma_fprop_implicit_gemm_indexed_tf32f32_tf32f32_f32_nhwckrsc_nchw_tilesize64x32x64_stage4_warpsize2x2x1_g1_tensor16x8x8_alignc4_execute_kernel_cudnn_infer,sm86_xmma_fprop_implicit_gemm_indexed_tf32f32_tf32f32_f32_nhwckrsc_nchw_tilesize64x32x64_stage4_warpsize2x2x1_g1_tensor16x8x8_alignc4_execute_kernel_cudnn_infer,24.51,4.37,21.29,45.65,122,"    8,    4,    2","  128,    1,    1"
358,8.19,bn_fw_inf_1C11_kernel_NCHW,..bn_fw_inf_1C11_kernel_NCHW..,4.58,0.37,2.90,7.20,20,"  256,    1,    1","   64,    1,    1"
359,5.63,vectorized_elementwise_kernel,..launch_clamp_scalar..,2.91,0.16,1.32,9.19,18,"   98,    1,    1","  128,    1,    1"
360,18.51,Kernel2,..cutlass_80_tensorop_s1688gemm_64x64_32x6_nn_align4..,13.02,2.41,18.10,37.11,96,"   64,    1,    1","  128,    1,    1"
361,6.74,bn_fw_inf_1C11_kernel_NCHW,..bn_fw_inf_1C11_kernel_NCHW..,5.41,0.36,10.30,29.28,20," 1024,    1,    1","   64,    1,    1"
362,0.00,vectorized_elementwise_kernel,..vectorized_elementwise_kernel..,4.86,0.00,2.33,44.22,22,"  392,    1,    1","  128,    1,    1"
363,6.41,vectorized_elementwise_kernel,..launch_clamp_scalar..,4.13,0.26,3.61,31.35,18,"  392,    1,    1","  128,    1,    1"
364,22.37,Kernel2,..cutlass_80_tensorop_s1688gemm_64x128_32x3_nn_align4..,17.25,3.86,13.34,22.04,148,"    8,    1,    5","  128,    1,    1"
365,5.30,splitKreduce_kernel,..splitKreduce_kernel..,4.67,0.25,9.22,28.42,44,"    7,   16,    1","   32,   16,    1"
366,6.48,bn_fw_inf_1C11_kernel_NCHW,..bn_fw_inf_1C11_kernel_NCHW..,4.54,0.29,3.05,8.45,20,"  256,    1,    1","   64,    1,    1"
367,5.84,vectorized_elementwise_kernel,..launch_clamp_scalar..,2.91,0.17,1.32,8.19,18,"   98,    1,    1","  128,    1,    1"
368,14.35,nchwToNhwcKernel,..nchw2nhwc_params_t..,3.65,0.52,3.58,7.76,33,"    7,    8,    1","  256,    1,    1"
369,6.66,nchwToNhwcKernel,..nchw2nhwc_params_t..,10.21,0.68,48.03,47.54,33,"    1,    8,  256","  256,    1,    1"
370,18.50,sm86_xmma_fprop_implicit_gemm_indexed_tf32f32_tf32f32_f32_nhwckrsc_nchw_tilesize64x32x64_stage4_warpsize2x2x1_g1_tensor16x8x8_alignc4_execute_kernel_cudnn_infer,sm86_xmma_fprop_implicit_gemm_indexed_tf32f32_tf32f32_f32_nhwckrsc_nchw_tilesize64x32x64_stage4_warpsize2x2x1_g1_tensor16x8x8_alignc4_execute_kernel_cudnn_infer,24.64,4.56,21.43,45.45,122,"    8,    4,    2","  128,    1,    1"
371,6.23,bn_fw_inf_1C11_kernel_NCHW,..bn_fw_inf_1C11_kernel_NCHW..,4.61,0.29,2.85,8.36,20,"  256,    1,    1","   64,    1,    1"
372,8.65,vectorized_elementwise_kernel,..launch_clamp_scalar..,2.91,0.25,1.31,8.11,18,"   98,    1,    1","  128,    1,    1"
373,18.12,Kernel2,..cutlass_80_tensorop_s1688gemm_64x64_32x6_nn_align4..,13.47,2.44,17.81,35.83,96,"   64,    1,    1","  128,    1,    1"
374,6.19,bn_fw_inf_1C11_kernel_NCHW,..bn_fw_inf_1C11_kernel_NCHW..,5.57,0.34,10.34,27.64,20," 1024,    1,    1","   64,    1,    1"
375,9.70,vectorized_elementwise_kernel,..vectorized_elementwise_kernel..,4.96,0.48,2.50,40.96,22,"  392,    1,    1","  128,    1,    1"
376,7.55,vectorized_elementwise_kernel,..launch_clamp_scalar..,4.10,0.31,3.83,31.27,18,"  392,    1,    1","  128,    1,    1"
377,22.66,Kernel2,..cutlass_80_tensorop_s1688gemm_64x128_32x3_nn_align4..,17.31,3.92,13.40,21.97,148,"    8,    1,    5","  128,    1,    1"
378,6.33,splitKreduce_kernel,..splitKreduce_kernel..,4.74,0.30,9.60,28.39,44,"    7,   16,    1","   32,   16,    1"
379,7.16,bn_fw_inf_1C11_kernel_NCHW,..bn_fw_inf_1C11_kernel_NCHW..,4.58,0.33,3.08,7.21,20,"  256,    1,    1","   64,    1,    1"
380,8.31,vectorized_elementwise_kernel,..launch_clamp_scalar..,3.04,0.25,1.28,8.87,18,"   98,    1,    1","  128,    1,    1"
381,14.51,nchwToNhwcKernel,..nchw2nhwc_params_t..,3.87,0.56,3.57,7.28,33,"    7,    8,    1","  256,    1,    1"
382,6.22,nchwToNhwcKernel,..nchw2nhwc_params_t..,9.98,0.62,46.05,45.07,33,"    1,    8,  256","  256,    1,    1"
383,18.41,sm86_xmma_fprop_implicit_gemm_indexed_tf32f32_tf32f32_f32_nhwckrsc_nchw_tilesize64x32x64_stage4_warpsize2x2x1_g1_tensor16x8x8_alignc4_execute_kernel_cudnn_infer,sm86_xmma_fprop_implicit_gemm_indexed_tf32f32_tf32f32_f32_nhwckrsc_nchw_tilesize64x32x64_stage4_warpsize2x2x1_g1_tensor16x8x8_alignc4_execute_kernel_cudnn_infer,24.32,4.48,21.46,46.05,122,"    8,    4,    2","  128,    1,    1"
384,6.38,bn_fw_inf_1C11_kernel_NCHW,..bn_fw_inf_1C11_kernel_NCHW..,4.51,0.29,3.06,7.44,20,"  256,    1,    1","   64,    1,    1"
385,5.96,vectorized_elementwise_kernel,..launch_clamp_scalar..,2.91,0.17,1.30,8.19,18,"   98,    1,    1","  128,    1,    1"
386,17.62,Kernel2,..cutlass_80_tensorop_s1688gemm_64x64_32x6_nn_align4..,13.18,2.32,17.67,37.42,96,"   64,    1,    1","  128,    1,    1"
387,6.45,bn_fw_inf_1C11_kernel_NCHW,..bn_fw_inf_1C11_kernel_NCHW..,5.47,0.35,10.38,28.61,20," 1024,    1,    1","   64,    1,    1"
388,5.66,vectorized_elementwise_kernel,..vectorized_elementwise_kernel..,4.93,0.28,2.50,44.04,22,"  392,    1,    1","  128,    1,    1"
389,9.07,vectorized_elementwise_kernel,..launch_clamp_scalar..,4.22,0.38,4.05,30.65,18,"  392,    1,    1","  128,    1,    1"
390,17.18,Kernel2,..cutlass_80_tensorop_s1688gemm_128x64_16x6_nn_align4..,19.42,3.34,24.24,38.80,136,"   16,    1,    4","  128,    1,    1"
391,8.17,splitKreduce_kernel,..splitKreduce_kernel..,5.54,0.45,13.74,42.34,44,"    7,   32,    1","   32,   16,    1"
392,7.76,bn_fw_inf_1C11_kernel_NCHW,..bn_fw_inf_1C11_kernel_NCHW..,5.06,0.39,5.88,16.02,20,"  512,    1,    1","   64,    1,    1"
393,6.23,vectorized_elementwise_kernel,..launch_clamp_scalar..,3.20,0.20,2.38,16.26,18,"  196,    1,    1","  128,    1,    1"
394,12.02,nchwToNhwcKernel,..nchw2nhwc_params_t..,4.22,0.51,6.77,13.45,33,"    7,   16,    1","  256,    1,    1"
395,0.00,nchwToNhwcKernel,..nchw2nhwc_params_t..,29.47,0.00,58.48,68.73,33,"    1,   16,  512","  256,    1,    1"
396,23.61,sm86_xmma_fprop_implicit_gemm_indexed_tf32f32_tf32f32_f32_nhwckrsc_nchw_tilesize64x32x64_stage4_warpsize2x2x1_g1_tensor16x8x8_alignc4_execute_kernel_cudnn_infer,sm86_xmma_fprop_implicit_gemm_indexed_tf32f32_tf32f32_f32_nhwckrsc_nchw_tilesize64x32x64_stage4_warpsize2x2x1_g1_tensor16x8x8_alignc4_execute_kernel_cudnn_infer,32.22,7.61,18.20,42.45,122,"   16,    1,    3","  128,    1,    1"
397,6.66,bn_fw_inf_1C11_kernel_NCHW,..bn_fw_inf_1C11_kernel_NCHW..,3.68,0.25,4.50,5.20,20,"  512,    1,    1","   64,    1,    1"
398,12.53,vectorized_elementwise_kernel,..launch_clamp_scalar..,2.85,0.36,0.68,4.76,18,"   49,    1,    1","  128,    1,    1"
399,22.30,Kernel2,..cutlass_80_tensorop_s1688gemm_64x64_16x6_nn_align1..,22.91,5.11,13.49,30.01,90,"   32,    1,    1","  128,    1,    1"
400,7.42,bn_fw_inf_1C11_kernel_NCHW,..bn_fw_inf_1C11_kernel_NCHW..,5.22,0.39,11.20,16.25,20," 2048,    1,    1","   64,    1,    1"
401,5.49,kern_precompute_indices,..kern_precompute_indices..,3.20,0.18,3.75,1.47,16," 1024,    1,    1","    1,    1,    1"
402,17.47,precomputed_convolve_sgemm,..precomputed_convolve_sgemm..,72.70,12.70,30.94,36.48,64,"    2,   64,    1","    8,    8,    1"
403,6.31,bn_fw_inf_1C11_kernel_NCHW,..bn_fw_inf_1C11_kernel_NCHW..,5.34,0.34,10.76,14.33,20," 2048,    1,    1","   64,    1,    1"
404,9.44,vectorized_elementwise_kernel,..vectorized_elementwise_kernel..,3.68,0.35,1.54,30.10,22,"  196,    1,    1","  128,    1,    1"
405,7.21,vectorized_elementwise_kernel,..launch_clamp_scalar..,3.30,0.24,2.30,19.28,18,"  196,    1,    1","  128,    1,    1"
406,22.77,Kernel2,..cutlass_80_tensorop_s1688gemm_64x128_32x3_nn_align1..,17.22,3.92,15.23,42.35,152,"    4,    1,   11","  128,    1,    1"
407,13.99,splitKreduce_kernel,..splitKreduce_kernel..,5.02,0.70,6.59,28.34,44,"    2,   32,    1","   32,   16,    1"
408,7.46,bn_fw_inf_1C11_kernel_NCHW,..bn_fw_inf_1C11_kernel_NCHW..,3.71,0.28,4.51,5.60,20,"  512,    1,    1","   64,    1,    1"
409,11.77,vectorized_elementwise_kernel,..launch_clamp_scalar..,2.75,0.32,0.69,4.90,18,"   49,    1,    1","  128,    1,    1"
410,12.16,nchwToNhwcKernel,..nchw2nhwc_params_t..,3.71,0.45,1.88,4.63,33,"    2,   16,    1","  256,    1,    1"
411,0.00,nchwToNhwcKernel,..nchw2nhwc_params_t..,29.28,0.00,59.15,68.84,33,"    1,   16,  512","  256,    1,    1"
412,23.66,sm86_xmma_fprop_implicit_gemm_indexed_tf32f32_tf32f32_f32_nhwckrsc_nchw_tilesize64x32x64_stage4_warpsize2x2x1_g1_tensor16x8x8_alignc4_execute_kernel_cudnn_infer,sm86_xmma_fprop_implicit_gemm_indexed_tf32f32_tf32f32_f32_nhwckrsc_nchw_tilesize64x32x64_stage4_warpsize2x2x1_g1_tensor16x8x8_alignc4_execute_kernel_cudnn_infer,32.35,7.65,18.16,41.56,122,"   16,    1,    3","  128,    1,    1"
413,8.63,bn_fw_inf_1C11_kernel_NCHW,..bn_fw_inf_1C11_kernel_NCHW..,3.71,0.32,4.49,5.72,20,"  512,    1,    1","   64,    1,    1"
414,12.92,vectorized_elementwise_kernel,..launch_clamp_scalar..,2.85,0.37,0.70,4.79,18,"   49,    1,    1","  128,    1,    1"
415,22.18,Kernel2,..cutlass_80_tensorop_s1688gemm_64x64_16x6_nn_align1..,22.98,5.10,13.47,31.24,90,"   32,    1,    1","  128,    1,    1"
416,9.86,bn_fw_inf_1C11_kernel_NCHW,..bn_fw_inf_1C11_kernel_NCHW..,5.18,0.51,10.59,15.76,20," 2048,    1,    1","   64,    1,    1"
417,8.41,vectorized_elementwise_kernel,..vectorized_elementwise_kernel..,3.65,0.31,1.58,25.84,22,"  196,    1,    1","  128,    1,    1"
418,8.79,vectorized_elementwise_kernel,..launch_clamp_scalar..,3.14,0.28,2.25,15.98,18,"  196,    1,    1","  128,    1,    1"
419,22.91,Kernel2,..cutlass_80_tensorop_s1688gemm_64x128_32x3_nn_align1..,17.25,3.95,15.32,42.40,152,"    4,    1,   11","  128,    1,    1"
420,12.28,splitKreduce_kernel,..splitKreduce_kernel..,4.93,0.61,6.24,28.77,44,"    2,   32,    1","   32,   16,    1"
421,7.79,bn_fw_inf_1C11_kernel_NCHW,..bn_fw_inf_1C11_kernel_NCHW..,3.68,0.29,4.53,5.00,20,"  512,    1,    1","   64,    1,    1"
422,11.17,vectorized_elementwise_kernel,..launch_clamp_scalar..,2.78,0.31,0.69,4.95,18,"   49,    1,    1","  128,    1,    1"
423,12.05,nchwToNhwcKernel,..nchw2nhwc_params_t..,3.71,0.45,1.88,4.65,33,"    2,   16,    1","  256,    1,    1"
424,0.00,nchwToNhwcKernel,..nchw2nhwc_params_t..,29.73,0.00,59.97,68.01,33,"    1,   16,  512","  256,    1,    1"
425,23.60,sm86_xmma_fprop_implicit_gemm_indexed_tf32f32_tf32f32_f32_nhwckrsc_nchw_tilesize64x32x64_stage4_warpsize2x2x1_g1_tensor16x8x8_alignc4_execute_kernel_cudnn_infer,sm86_xmma_fprop_implicit_gemm_indexed_tf32f32_tf32f32_f32_nhwckrsc_nchw_tilesize64x32x64_stage4_warpsize2x2x1_g1_tensor16x8x8_alignc4_execute_kernel_cudnn_infer,32.35,7.64,18.15,41.52,122,"   16,    1,    3","  128,    1,    1"
426,7.30,bn_fw_inf_1C11_kernel_NCHW,..bn_fw_inf_1C11_kernel_NCHW..,3.74,0.27,4.52,5.73,20,"  512,    1,    1","   64,    1,    1"
427,11.48,vectorized_elementwise_kernel,..launch_clamp_scalar..,2.78,0.32,0.69,4.87,18,"   49,    1,    1","  128,    1,    1"
428,22.07,Kernel2,..cutlass_80_tensorop_s1688gemm_64x64_16x6_nn_align1..,22.94,5.06,13.46,30.91,90,"   32,    1,    1","  128,    1,    1"
429,5.20,bn_fw_inf_1C11_kernel_NCHW,..bn_fw_inf_1C11_kernel_NCHW..,5.25,0.27,10.77,18.00,20," 2048,    1,    1","   64,    1,    1"
430,7.25,vectorized_elementwise_kernel,..vectorized_elementwise_kernel..,3.87,0.28,1.49,28.24,22,"  196,    1,    1","  128,    1,    1"
431,7.60,vectorized_elementwise_kernel,..launch_clamp_scalar..,3.23,0.25,2.32,19.92,18,"  196,    1,    1","  128,    1,    1"
432,0.00,reduce_kernel,..reduce_kernel..ReduceOp..,5.70,0.00,15.66,9.14,32,"  128,    1,    1","   32,   16,    1"
433,10.03,kernel,..cublasGemvTensorStridedBatched..,19.62,1.97,20.04,48.31,159,"  250,    1,    3","   32,    4,    1"
434,12.63,splitKreduce_kernel,..splitKreduce_kernel..,3.33,0.42,5.86,4.90,44,"    1,   63,    1","   32,   16,    1"
435,9.61,globalKernel,..cublasLtEpilogue_t..,3.17,0.30,3.39,1.88,26,"  125,    1,    1","    8,   32,    1"
